year,country,don_rec
1973,United States,1553264205
1973,Japan,938965880
1973,Germany,562232384
1973,United Kingdom,442579189
1973,France,247189555
1973,Netherlands,162750945
1973,Sweden,168369255
1973,Norway,35874848
1973,Canada,437928427
1973,Switzerland,14060941
1973,Denmark,
1973,Belgium,39251336
1973,Spain,
1973,Italy,166719069
1973,Finland,
1973,Austria,
1973,Monaco,
1973,Liechtenstein,
1973,Iceland,
1973,Portugal,
1973,Australia,46285863
1973,New Zealand,
1973,Slovenia,
1973,United Arab Emirates,-65097
1973,Estonia,
1973,Latvia,
1973,Luxembourg,
1973,Greece,
1973,Lithuania,
1973,Qatar,
1973,Ireland,
1973,Slovak Republic,
1973,Cyprus,-9613414
1973,Czech Republic,
1973,Hungary,
1973,Saudi Arabia,-65097
1973,Taiwan,
1973,Romania,
1973,Kuwait,-325483
1973,Chile,-88056078
1973,South Africa,
1973,Korea,-1.36E+09
1973,Poland,
1973,Colombia,-549944785
1973,Brazil,-312075045
1973,Thailand,-206363405
1973,India,-2.29E+09
1974,Australia,26950877
1974,Austria,24126329
1974,Belgium,43588598
1974,Brazil,-306601048
1974,Canada,68502158
1974,Chile,-257689227
1974,Colombia,-203545814
1974,Cyprus,-16432279
1974,Denmark,56839286
1974,France,367384662
1974,Germany,698168091
1974,India,-3697747278
1974,Japan,2730202327
1974,Korea,-1455639048
1974,Netherlands,323468392
1974,Norway,94887523
1974,Sweden,30299330
1974,Switzerland,64549529
1974,Taiwan,-115048
1974,Thailand,-867668418
1974,United Kingdom,1405378815
1974,United States,871092243
1975,Australia,77691781
1975,Belgium,38863307
1975,Brazil,-100725686
1975,Canada,93027681
1975,Chile,-365408442
1975,Colombia,-145779156
1975,Cyprus,-5864941
1975,Denmark,10392556
1975,France,192416969
1975,Germany,833859928
1975,India,-3000656166
1975,Japan,1339039677
1975,Korea,-299226023
1975,Netherlands,130708382
1975,Norway,64575343
1975,Sweden,201059589
1975,Switzerland,103204755
1975,Thailand,-333639956
1975,United Kingdom,222187891
1975,United States,944272511
1976,Australia,27718070
1976,Austria,12981849
1976,Belgium,36126619
1976,Brazil,-83580485
1976,Canada,116287322
1976,Chile,-155551297
1976,Colombia,-143082677
1976,Cyprus,-31022257
1976,Denmark,28849377
1976,France,183658423
1976,Germany,639963734
1976,India,-2233586413
1976,Italy,35601469
1976,Japan,762168614
1976,Korea,-938952566
1976,Kuwait,206494798
1976,Netherlands,426349160
1976,Norway,10419282
1976,Sweden,151806434
1976,Switzerland,43577287
1976,Thailand,-110042103
1976,United Arab Emirates,64911546
1976,United Kingdom,51613566
1976,United States,897290248
1977,Australia,72648152
1977,Austria,2608725
1977,Belgium,35853879
1977,Brazil,-501438883
1977,Canada,38957778
1977,Chile,-2568149
1977,Colombia,-67799905
1977,Cyprus,-20945184
1977,Denmark,112241594
1977,France,168900067
1977,Germany,617148856
1977,India,-3197135157
1977,Japan,1479116934
1977,Korea,-418471898
1977,Kuwait,86642765
1977,Netherlands,352515092
1977,Norway,60133610
1977,Saudi Arabia,540365522
1977,Sweden,143468255
1977,Switzerland,111194695
1977,Taiwan,-163198
1977,Thailand,-715883953
1977,United Arab Emirates,-3599299
1977,United Kingdom,860011341
1977,United States,246198361
1978,Australia,47483698
1978,Austria,27058314
1978,Belgium,32189217
1978,Brazil,-151531351
1978,Canada,100516271
1978,Chile,-4418418
1978,Colombia,-54438681
1978,Cyprus,-46647
1978,Denmark,2086036
1978,France,97437457
1978,Germany,410412482
1978,India,-2927325215
1978,Japan,1429326640
1978,Korea,-801254989
1978,Kuwait,103885863
1978,Netherlands,231844808
1978,Norway,147255461
1978,Saudi Arabia,250639787
1978,Sweden,472112462
1978,Switzerland,35883359
1978,Thailand,-859278853
1978,United Kingdom,971709388
1978,United States,438452911
1979,Australia,9763598
1979,Austria,2480539
1979,Belgium,30801519
1979,Brazil,-167462062
1979,Canada,80241209
1979,Chile,-49451759
1979,Colombia,-15388003
1979,Cyprus,-15837039
1979,Denmark,35943903
1979,France,25058027
1979,Germany,787807347
1979,India,-1622748901
1979,Japan,1014747194
1979,Korea,-146708076
1979,Kuwait,59307807
1979,Netherlands,82256186
1979,Norway,140327273
1979,Saudi Arabia,-12014220
1979,Sweden,253701905
1979,Switzerland,67821487
1979,Thailand,-1283439829
1979,United Kingdom,5012313
1979,United States,717779582
1980,Australia,-31218470
1980,Austria,-154911688
1980,Belgium,-147868500
1980,Brazil,-397591374
1980,Canada,-392410890
1980,Chile,-17218386
1980,Colombia,-257368296
1980,Cyprus,-87110643
1980,Denmark,-7702955
1980,France,243713422
1980,Germany,654031054
1980,Greece,-115371982
1980,Iceland,-18060045
1980,India,-2968245303
1980,Ireland,-30268231
1980,Italy,-894504816
1980,Japan,1561606522
1980,Korea,-2625763424
1980,Kuwait,23153412
1980,Netherlands,352628199
1980,New Zealand,-11703716
1980,Norway,-1987036
1980,Poland,-75000451
1980,Portugal,-4136160
1980,Romania,-44381441
1980,Saudi Arabia,-7954278
1980,Spain,-285026867
1980,Sweden,-24603423
1980,Switzerland,10028652
1980,Taiwan,-374058844
1980,Thailand,-902852253
1980,United Arab Emirates,-174742
1980,United Kingdom,168108919
1980,United States,6864224034
1981,Australia,-729222174
1981,Austria,53258611
1981,Belgium,25440169
1981,Brazil,-1019510084
1981,Canada,-1993435063
1981,Chile,-24802202
1981,Colombia,-176100059
1981,Cyprus,-110234644
1981,Denmark,215721283
1981,France,156535931
1981,Germany,751727169
1981,Greece,-26046686
1981,India,-3706661088
1981,Ireland,-58605044
1981,Italy,-3585196
1981,Japan,2488336515
1981,Korea,-1656173571
1981,Kuwait,298485699
1981,Liechtenstein,-18065044
1981,Netherlands,270695825
1981,New Zealand,752775
1981,Norway,-79811922
1981,Poland,-35410
1981,Portugal,-144765310
1981,Romania,-262077414
1981,Saudi Arabia,-278051399
1981,Spain,-199457361
1981,Sweden,127064537
1981,Switzerland,18045799
1981,Taiwan,-312886996
1981,Thailand,-1178204797
1981,United Arab Emirates,-1813286
1981,United Kingdom,-550943311
1981,United States,8124423748
1982,Australia,7858925
1982,Austria,-58318503
1982,Brazil,-577695039
1982,Canada,-82237660
1982,Chile,-25718071
1982,Colombia,-1228919949
1982,Cyprus,-31348629
1982,Denmark,122090821
1982,France,446543740
1982,Germany,853843929
1982,India,-2822105457
1982,Italy,-663971
1982,Japan,1471338041
1982,Korea,-216083049
1982,Kuwait,181627819
1982,Liechtenstein,734297
1982,Netherlands,163308875
1982,New Zealand,-213312242
1982,Norway,47037386
1982,Poland,-70326
1982,Saudi Arabia,-197083911
1982,Spain,-77227580
1982,Sweden,147903816
1982,Switzerland,63684924
1982,Taiwan,-617069786
1982,Thailand,-1595007194
1982,United Arab Emirates,-936588
1982,United Kingdom,775334730
1982,United States,3462490652
1983,Australia,7388539
1983,Austria,17235616
1983,Belgium,46243316
1983,Brazil,-129429939
1983,Canada,148016945
1983,Chile,-33869655
1983,Colombia,-110714529
1983,Cyprus,-51405078
1983,Denmark,84368125
1983,Finland,-67021408
1983,France,164059809
1983,Germany,494657126
1983,India,-2653699004
1983,Italy,-114082082
1983,Japan,1760860027
1983,Korea,-665624126
1983,Kuwait,154970641
1983,Liechtenstein,63282
1983,Netherlands,305883422
1983,New Zealand,216892
1983,Poland,-63282
1983,Saudi Arabia,-127373976
1983,Sweden,136226862
1983,Switzerland,190427090
1983,Taiwan,-54105626
1983,Thailand,-1165432587
1983,United Arab Emirates,-598545
1983,United Kingdom,571679920
1983,United States,1091122225
1984,Australia,3698286
1984,Brazil,-643593148
1984,Canada,538313789
1984,Chile,-314012953
1984,Colombia,-204495135
1984,Cyprus,-79282641
1984,Denmark,69039945
1984,Finland,-26553629
1984,France,367362828
1984,Germany,950183614
1984,India,-4584531386
1984,Italy,-326161771
1984,Japan,2398904927
1984,Korea,-891180603
1984,Kuwait,27051193
1984,Netherlands,192857428
1984,Norway,101664449
1984,Portugal,-1826510
1984,Saudi Arabia,287513033
1984,Sweden,133481767
1984,Switzerland,116248354
1984,Taiwan,-247894043
1984,Thailand,-1135099078
1984,United Arab Emirates,-505928
1984,United Kingdom,753538727
1984,United States,2515278485
1985,Australia,6929573
1985,Austria,87348212
1985,Belgium,4191839
1985,Brazil,-1150188786
1985,Canada,146523445
1985,Chile,-624811340
1985,Colombia,-835091486
1985,Cyprus,-39214175
1985,Denmark,154044569
1985,France,212486003
1985,Germany,1590619838
1985,Greece,-36819257
1985,Hungary,-31296368
1985,India,-1837835819
1985,Italy,164182162
1985,Japan,2255951382
1985,Korea,-907605958
1985,Kuwait,-524410
1985,Netherlands,75285016
1985,New Zealand,4831732
1985,Norway,85932533
1985,Poland,-1014259163
1985,Saudi Arabia,92545184
1985,Sweden,123903610
1985,Switzerland,52165585
1985,Taiwan,-28782961
1985,Thailand,-1151123605
1985,United Arab Emirates,-136260119
1985,United Kingdom,1255318
1985,United States,2735617446
1986,Australia,25229662
1986,Austria,15801537
1986,Brazil,-398238987
1986,Canada,392105553
1986,Chile,-123522992
1986,Colombia,-310212012
1986,Cyprus,-56716357
1986,Denmark,110720962
1986,Finland,-83529726
1986,France,296394154
1986,Germany,539033266
1986,India,-3003947484
1986,Italy,48874532
1986,Japan,1211102769
1986,Korea,-119590826
1986,Kuwait,84167688
1986,Netherlands,379878579
1986,Norway,9848663
1986,Poland,-7204596
1986,Portugal,-21863247
1986,Saudi Arabia,-520641
1986,Sweden,198445181
1986,Switzerland,35598036
1986,Taiwan,-21795291
1986,Thailand,-762121484
1986,United Kingdom,227395004
1986,United States,1334668057
1987,Australia,18309923
1987,Austria,77374
1987,Brazil,-688641987
1987,Canada,331152346
1987,Chile,-62625327
1987,Colombia,-74058995
1987,Cyprus,-29088415
1987,Denmark,149837777
1987,Finland,1482877
1987,France,254311333
1987,Germany,788040730
1987,India,-4191375895
1987,Italy,282071099
1987,Japan,1245051405
1987,Korea,-482793059
1987,Netherlands,573020364
1987,Norway,244641035
1987,Saudi Arabia,72707674
1987,South Africa,-105825534
1987,Sweden,72374249
1987,Switzerland,87982342
1987,Taiwan,-14965414
1987,Thailand,-1016033769
1987,United Arab Emirates,-131760270
1987,United Kingdom,829894066
1987,United States,1846214071
1988,Australia,1758350
1988,Austria,400964
1988,Brazil,-319508348
1988,Canada,149433255
1988,Chile,-73331550
1988,Colombia,-234020126
1988,Cyprus,-60836704
1988,Denmark,119577810
1988,Finland,447649
1988,France,274040470
1988,Germany,757183394
1988,Greece,-37727914
1988,India,-3844238228
1988,Italy,116403581
1988,Japan,3320238368
1988,Korea,-438174916
1988,Kuwait,13493275
1988,Netherlands,277081548
1988,Norway,20840875
1988,Poland,-11464751
1988,Portugal,-2538321
1988,Qatar,-9137956
1988,Saudi Arabia,-42431775
1988,South Africa,-110849
1988,Sweden,185535976
1988,Switzerland,32738889
1988,Taiwan,-29459009
1988,Thailand,-1297612686
1988,United Kingdom,80251575
1988,United States,1051167154
1989,Australia,163270223
1989,Austria,18299145
1989,Belgium,183930257
1989,Brazil,-470795753
1989,Canada,93899695
1989,Chile,-152229260
1989,Colombia,-200318505
1989,Cyprus,-32612810
1989,Denmark,133430275
1989,Finland,16608550
1989,France,469783071
1989,Germany,3020847013
1989,Hungary,-1482250
1989,India,-3091093501
1989,Italy,112626078
1989,Japan,582793544
1989,Korea,-233488453
1989,Kuwait,43493083
1989,Liechtenstein,11161
1989,Netherlands,472821276
1989,Norway,51903997
1989,Poland,-2608739881
1989,Qatar,-2949100
1989,Romania,-5092048
1989,South Africa,-320399942
1989,Spain,100535177
1989,Sweden,946284591
1989,Switzerland,75386666
1989,Taiwan,-75026666
1989,Thailand,-626032718
1989,United Kingdom,269229353
1989,United States,1065107732
1990,Australia,93432068
1990,Austria,3458667
1990,Belgium,187058124
1990,Brazil,-546410160
1990,Canada,146349000
1990,Chile,-260281186
1990,Colombia,-539309295
1990,Cyprus,-11768247
1990,Czech Republic,-549039
1990,Denmark,58616306
1990,Finland,4220992
1990,France,586988135
1990,Germany,3382157543
1990,Hungary,-315616677
1990,India,-2036236423
1990,Ireland,-46238132
1990,Italy,136489843
1990,Japan,2604458951
1990,Korea,-1095572646
1990,Kuwait,-1568
1990,Latvia,-543060
1990,Liechtenstein,299897
1990,Netherlands,207980200
1990,Norway,22442656
1990,Poland,-3069497876
1990,Romania,-299897
1990,South Africa,-271828896
1990,Spain,33912950
1990,Sweden,400387605
1990,Switzerland,123834846
1990,Thailand,-1790643316
1990,United Kingdom,270402953
1990,United States,1722305682
1991,Australia,518306838
1991,Austria,43662774
1991,Brazil,-1398521154
1991,Canada,79132048
1991,Chile,-575859750
1991,Colombia,-484986642
1991,Cyprus,-24108788
1991,Czech Republic,-392264026
1991,Denmark,80582842
1991,Estonia,-990684
1991,Finland,30659992
1991,France,75995551
1991,Germany,323668836
1991,Greece,-303412067
1991,Hungary,-624227866
1991,India,-3660869551
1991,Ireland,-6065209
1991,Italy,138712028
1991,Japan,4702296751
1991,Korea,-39850875
1991,Kuwait,-10244282
1991,Latvia,-398476
1991,Lithuania,-455029
1991,Netherlands,233871628
1991,Norway,58788041
1991,Poland,-326279481
1991,Romania,-2904763
1991,Saudi Arabia,-89458009
1991,South Africa,-64650922
1991,Spain,134873730
1991,Sweden,173278658
1991,Switzerland,157754122
1991,Taiwan,-5446049
1991,Thailand,-1898189675
1991,United Kingdom,270595943
1991,United States,2887003516
1992,Australia,-136174067
1992,Austria,7690278
1992,Belgium,470688315
1992,Brazil,-269771857
1992,Canada,203523019
1992,Chile,-686092378
1992,Colombia,-492185858
1992,Cyprus,-29261936
1992,Czech Republic,-212986243
1992,Denmark,40778102
1992,Estonia,-16023398
1992,Finland,69776266
1992,France,220827059
1992,Germany,8552232648
1992,Hungary,-179864578
1992,India,-5341953099
1992,Italy,170049742
1992,Japan,2865776832
1992,Korea,-3337566
1992,Kuwait,-7400203071
1992,Latvia,-106443347
1992,Lithuania,-8257205
1992,Netherlands,269752132
1992,Norway,-22550541
1992,Poland,-9141850218
1992,Romania,-174756620
1992,Saudi Arabia,-148479604
1992,Slovenia,-10624910
1992,South Africa,-234490451
1992,Sweden,272478628
1992,Switzerland,31332667
1992,Thailand,-1014335727
1992,United Kingdom,1055458482
1992,United States,11399278504
1993,Australia,-41704432
1993,Austria,-123971486
1993,Belgium,75567601
1993,Brazil,-726672442
1993,Canada,45197662
1993,Chile,-246885634
1993,Colombia,-648542403
1993,Cyprus,-42046495
1993,Czech Republic,-170159661
1993,Denmark,67062860
1993,Estonia,-38337840
1993,Finland,15643128
1993,France,246959806
1993,Germany,450749201
1993,Hungary,-322532354
1993,India,-1327287513
1993,Italy,-153045797
1993,Japan,2494054534
1993,Korea,-3157283
1993,Kuwait,25461230
1993,Latvia,-52648796
1993,Liechtenstein,124845
1993,Lithuania,-73709134
1993,Luxembourg,-415719806
1993,Netherlands,213700000
1993,Norway,5761527
1993,Poland,-367250867
1993,Qatar,-9564499
1993,Romania,-92433527
1993,Slovak Republic,-9121048
1993,Slovenia,-2609520
1993,South Africa,-541955585
1993,Spain,36693281
1993,Sweden,117438835
1993,Switzerland,43709522
1993,Thailand,-3338548445
1993,United Kingdom,407941751
1993,United States,4501838784
1994,Australia,-259227185
1994,Austria,496076
1994,Belgium,26867841
1994,Brazil,-2807702721
1994,Canada,83435990
1994,Chile,-98616016
1994,Colombia,-303016912
1994,Cyprus,-46104382
1994,Czech Republic,-487593167
1994,Denmark,110637370
1994,Estonia,-25652518
1994,Finland,30027227
1994,France,242597753
1994,Germany,380199578
1994,Hungary,-393976481
1994,India,-4096778597
1994,Italy,-499186454
1994,Japan,2667081144
1994,Korea,-1076359694
1994,Kuwait,-6860796
1994,Latvia,-28380386
1994,Liechtenstein,86232
1994,Lithuania,-28739967
1994,Netherlands,269718206
1994,Norway,126824955
1994,Poland,-431842731
1994,Qatar,-1252342
1994,Romania,-47195859
1994,Saudi Arabia,-5682814
1994,Slovak Republic,-52553361
1994,Slovenia,-12375582
1994,South Africa,-516230795
1994,Spain,6797785
1994,Sweden,171450490
1994,Switzerland,40395940
1994,Taiwan,42972980
1994,Thailand,-1416098158
1994,United Arab Emirates,-9485289
1994,United Kingdom,297003626
1994,United States,8154319014
1995,Australia,-256495729
1995,Austria,2349112
1995,Belgium,45999593
1995,Brazil,-2573830958
1995,Canada,140853583
1995,Chile,-326285394
1995,Colombia,-586866583
1995,Cyprus,-1233692
1995,Czech Republic,-182015721
1995,Denmark,73451287
1995,Estonia,-18418713
1995,Finland,20700602
1995,France,184288339
1995,Germany,3308855279
1995,Hungary,-330369147
1995,India,-2704173002
1995,Italy,1397467126
1995,Japan,2880751774
1995,Korea,-3947605
1995,Kuwait,-302540263
1995,Latvia,-39008900
1995,Lithuania,-83881095
1995,Netherlands,284400704
1995,New Zealand,1551034
1995,Norway,73931976
1995,Poland,-3376022477
1995,Qatar,-346430
1995,Romania,-189810215
1995,Saudi Arabia,-7397882
1995,Slovak Republic,-75586685
1995,Slovenia,-7405043
1995,South Africa,-626257607
1995,Spain,24737384
1995,Sweden,233739645
1995,Switzerland,37875588
1995,Taiwan,-2561779
1995,Thailand,-792655526
1995,United Arab Emirates,-1579978
1995,United Kingdom,385163028
1995,United States,3392574370
1996,Australia,80468022
1996,Austria,31429517
1996,Belgium,25987887
1996,Brazil,-1902899155
1996,Canada,240599471
1996,Chile,-66195930
1996,Colombia,-1052281529
1996,Cyprus,-17809922
1996,Czech Republic,-30399978
1996,Denmark,244013860
1996,Estonia,-30942970
1996,Finland,20289146
1996,France,310518112
1996,Germany,474378180
1996,Hungary,-349275403
1996,India,-4151165519
1996,Italy,26143275
1996,Japan,3905453074
1996,Korea,-369583888
1996,Kuwait,20769059
1996,Latvia,-25044880
1996,Liechtenstein,141858
1996,Lithuania,-89026730
1996,Netherlands,328972856
1996,Norway,66497399
1996,Poland,-359200576
1996,Portugal,331133
1996,Qatar,-836714
1996,Romania,-240362515
1996,Saudi Arabia,-2409008
1996,Slovak Republic,-120767538
1996,Slovenia,-90121406
1996,South Africa,-974078843
1996,Spain,41887270
1996,Sweden,142391886
1996,Switzerland,63515858
1996,Taiwan,-9333721
1996,Thailand,-1671334558
1996,United Arab Emirates,-1038083
1996,United Kingdom,934520515
1996,United States,4595800488
1997,Australia,99085271
1997,Austria,18810672
1997,Belgium,35402467
1997,Brazil,-2033092975
1997,Canada,114731583
1997,Chile,-180051006
1997,Colombia,-94226174
1997,Cyprus,-9602634
1997,Czech Republic,-98402219
1997,Denmark,79381953
1997,Estonia,-8307811
1997,Finland,28181494
1997,France,181377579
1997,Germany,782428714
1997,Hungary,-53047029
1997,India,-4794906726
1997,Italy,11342151
1997,Japan,10777668538
1997,Korea,-1019452888
1997,Kuwait,-530951
1997,Latvia,-22485213
1997,Liechtenstein,104054
1997,Lithuania,-20435390
1997,Netherlands,166669840
1997,Norway,71998190
1997,Poland,-309290589
1997,Portugal,344667
1997,Qatar,-705173409
1997,Romania,-168028130
1997,Saudi Arabia,-2120366
1997,Slovak Republic,-219387257
1997,Slovenia,-7858148
1997,South Africa,-694290770
1997,Spain,61562728
1997,Sweden,126686840
1997,Switzerland,101719058
1997,Taiwan,-2454079
1997,Thailand,-6371021429
1997,United Arab Emirates,-1002901
1997,United Kingdom,734365792
1997,United States,3423306503
1998,Australia,-73130323
1998,Austria,17433736
1998,Belgium,25116690
1998,Brazil,-1758374210
1998,Canada,385748294
1998,Chile,-279286896
1998,Colombia,-407763235
1998,Cyprus,-563689
1998,Czech Republic,-120505911
1998,Denmark,15650457
1998,Estonia,-20250742
1998,Finland,10099793
1998,France,218643543
1998,Germany,323280491
1998,Hungary,-27853171
1998,India,-2478951563
1998,Italy,24433295
1998,Japan,4486462107
1998,Korea,-10793650
1998,Kuwait,373869
1998,Latvia,-46078691
1998,Liechtenstein,98845
1998,Lithuania,-61227246
1998,Netherlands,127981057
1998,Norway,57457846
1998,Poland,-338026840
1998,Portugal,100751
1998,Qatar,-582329
1998,Romania,-339859562
1998,Saudi Arabia,-1348961
1998,Slovak Republic,-22763026
1998,Slovenia,-8484412
1998,South Africa,-666789364
1998,Spain,56295291
1998,Sweden,117646650
1998,Switzerland,70204297
1998,Taiwan,-876129
1998,Thailand,-2437534353
1998,United Arab Emirates,-461121
1998,United Kingdom,703712023
1998,United States,2460766389
1999,Australia,87775767
1999,Austria,27735866
1999,Belgium,30505209
1999,Brazil,-1319316622
1999,Canada,434102951
1999,Chile,-312658747
1999,Colombia,-881928095
1999,Cyprus,-19380977
1999,Czech Republic,-82522618
1999,Denmark,75309242
1999,Estonia,-9201870
1999,Finland,17111953
1999,France,195502185
1999,Germany,530422355
1999,Hungary,-26274654
1999,India,-1932216592
1999,Ireland,-174812788
1999,Italy,23505452
1999,Japan,8353255750
1999,Korea,-5783774361
1999,Kuwait,-868779
1999,Latvia,-10570801
1999,Lithuania,-12053667
1999,Netherlands,55292716
1999,Norway,92238378
1999,Poland,-377114427
1999,Portugal,2099809
1999,Qatar,-491169
1999,Romania,-222375326
1999,Saudi Arabia,-2722986716
1999,Slovak Republic,-132187615
1999,Slovenia,-12831539
1999,South Africa,-669943614
1999,Spain,79380361
1999,Sweden,121378837
1999,Switzerland,104482040
1999,Taiwan,-573709935
1999,Thailand,-3761639876
1999,United Arab Emirates,-595520
1999,United Kingdom,847273116
1999,United States,7962084321
2000,Australia,115957719
2000,Austria,41623882
2000,Belgium,32342289
2000,Brazil,-1106359401
2000,Canada,356912625
2000,Chile,-143596162
2000,Colombia,-1899134643
2000,Cyprus,-5189473
2000,Czech Republic,-145892164
2000,Denmark,37463179
2000,Estonia,-16010329
2000,Finland,23911436
2000,France,526519855
2000,Germany,350983095
2000,Hungary,-29607289
2000,India,-1141656334
2000,Ireland,-163369285
2000,Italy,34785553
2000,Japan,1310812373
2000,Korea,-444810035
2000,Kuwait,-959746
2000,Latvia,-14205663
2000,Liechtenstein,380208
2000,Lithuania,-16836580
2000,Netherlands,106331706
2000,Norway,127714893
2000,Poland,-632761107
2000,Portugal,2738129
2000,Qatar,-673904
2000,Romania,-223359836
2000,Saudi Arabia,-707503988
2000,Slovak Republic,-24767414
2000,Slovenia,-32556545
2000,South Africa,-737221627
2000,Spain,59684269
2000,Sweden,68464897
2000,Switzerland,128961864
2000,Taiwan,-779075653
2000,Thailand,-1792837766
2000,United Arab Emirates,-628944
2000,United Kingdom,725259608
2000,United States,6008166308
2001,Australia,99427776
2001,Austria,-107064953
2001,Belgium,31859079
2001,Brazil,-1574635711
2001,Canada,349119993
2001,Chile,-290131143
2001,Colombia,-585022135
2001,Cyprus,-26263860
2001,Czech Republic,-64851437
2001,Denmark,77063923
2001,Estonia,-23859692
2001,Finland,17586870
2001,France,621418995
2001,Germany,891724108
2001,Hungary,-71227382
2001,India,-2198367696
2001,Ireland,-161831447
2001,Italy,61884442
2001,Japan,1017504389
2001,Korea,-864874549
2001,Kuwait,-2824694
2001,Latvia,-22714406
2001,Liechtenstein,264468
2001,Lithuania,-30635613
2001,Luxembourg,4867259
2001,Netherlands,416890876
2001,Norway,209376138
2001,Poland,-670468736
2001,Portugal,4477740
2001,Qatar,-771977
2001,Romania,-636869083
2001,Saudi Arabia,-5047242
2001,Slovak Republic,-52945385
2001,Slovenia,-13913044
2001,South Africa,-935444476
2001,Spain,71240556
2001,Sweden,95729319
2001,Switzerland,93682742
2001,Taiwan,-13689330
2001,Thailand,-532323112
2001,United Arab Emirates,-2140111
2001,United Kingdom,687651442
2001,United States,4136147099
2002,Australia,-651647741
2002,Austria,-185292701
2002,Belgium,63495593
2002,Brazil,-1545038937
2002,Canada,-345356215
2002,Chile,-118741127
2002,Colombia,-835264836
2002,Cyprus,-23150596
2002,Czech Republic,-60314687
2002,Denmark,91324907
2002,Estonia,-8009886
2002,Finland,35865984
2002,France,534709591
2002,Germany,744664103
2002,Greece,3051811
2002,Hungary,-46184177
2002,India,-2324315788
2002,Ireland,-249268960
2002,Italy,31576918
2002,Japan,2561928262
2002,Korea,-657470006
2002,Kuwait,-3038480
2002,Latvia,-23562554
2002,Liechtenstein,137539
2002,Lithuania,-25362242
2002,Luxembourg,-129423862
2002,Netherlands,452558367
2002,New Zealand,3965321
2002,Norway,73856084
2002,Poland,-479506516
2002,Portugal,7394633
2002,Qatar,-220245
2002,Romania,-277336395
2002,Saudi Arabia,-2651835
2002,Slovak Republic,-35860783
2002,Slovenia,-7663650
2002,South Africa,-644990736
2002,Spain,76217540
2002,Sweden,48750953
2002,Switzerland,127911465
2002,Taiwan,-170259619
2002,Thailand,-1205361664
2002,United Arab Emirates,-1783343
2002,United Kingdom,650113998
2002,United States,4549554512
2003,Australia,94571888
2003,Austria,57940744
2003,Belgium,58875247
2003,Brazil,-779392718
2003,Canada,154336187
2003,Chile,-74552155
2003,Colombia,-1086177861
2003,Cyprus,-9421124
2003,Czech Republic,-45360370
2003,Denmark,57028037
2003,Estonia,-15925093
2003,Finland,19462895
2003,France,507020648
2003,Germany,717917759
2003,Greece,9823209
2003,Hungary,-68595560
2003,India,-2616814261
2003,Ireland,27083746
2003,Italy,15547010
2003,Japan,2147321397
2003,Korea,-117959852
2003,Kuwait,-819946
2003,Latvia,-15787761
2003,Liechtenstein,544967
2003,Lithuania,-33181470
2003,Luxembourg,830472
2003,Netherlands,212985661
2003,New Zealand,5429394
2003,Norway,38448603
2003,Poland,-492707038
2003,Portugal,1051124
2003,Qatar,-324759
2003,Romania,-202807923
2003,Saudi Arabia,-8735630
2003,Slovak Republic,-41479968
2003,Slovenia,-6291746
2003,South Africa,-608581390
2003,Spain,134313618
2003,Sweden,109071656
2003,Switzerland,65820570
2003,Taiwan,-15103689
2003,Thailand,-289796785
2003,United Arab Emirates,-2325618
2003,United Kingdom,838243526
2003,United States,1258474359
2004,Australia,17256770
2004,Austria,46226742
2004,Belgium,52561101
2004,Brazil,-646604536
2004,Canada,172189837
2004,Chile,-85966757
2004,Colombia,-951773147
2004,Cyprus,-24632806
2004,Czech Republic,-41237106
2004,Denmark,25482007
2004,Estonia,-19139015
2004,Finland,23784055
2004,France,596317633
2004,Germany,757827603
2004,Greece,875060
2004,Hungary,-53861240
2004,India,-2884182630
2004,Ireland,23980282
2004,Italy,65385193
2004,Japan,2545515962
2004,Korea,-142941011
2004,Kuwait,-2097489
2004,Latvia,-15622106
2004,Liechtenstein,216815
2004,Lithuania,-30341902
2004,Luxembourg,10034092
2004,Netherlands,91745692
2004,New Zealand,5342910
2004,Norway,41531404
2004,Poland,-428513747
2004,Portugal,2805269
2004,Qatar,-1458916
2004,Romania,-198721214
2004,Saudi Arabia,-12603354
2004,Slovak Republic,-33775543
2004,Slovenia,-12414136
2004,South Africa,-540700003
2004,Spain,62843645
2004,Sweden,58723484
2004,Switzerland,61749696
2004,Taiwan,-17888290
2004,Thailand,-722232350
2004,United Arab Emirates,-3451690
2004,United Kingdom,879595860
2004,United States,1328167876
2005,Australia,28927690
2005,Austria,17743081
2005,Belgium,48285276
2005,Brazil,-723697976
2005,Canada,66617166
2005,Chile,-73365918
2005,Colombia,-1056910201
2005,Cyprus,5599
2005,Czech Republic,73100
2005,Denmark,125145775
2005,Finland,50908114
2005,France,275332592
2005,Germany,846945037
2005,Greece,3084323
2005,Hungary,254145
2005,India,-3340560624
2005,Ireland,28639372
2005,Italy,69732388
2005,Japan,2566817614
2005,Liechtenstein,442468
2005,Luxembourg,13121625
2005,Netherlands,233003711
2005,New Zealand,5156674
2005,Norway,83655835
2005,Portugal,2827761
2005,Romania,-278521
2005,Saudi Arabia,-9206877
2005,Slovak Republic,326093
2005,South Africa,-927379768
2005,Spain,81547019
2005,Sweden,89823816
2005,Switzerland,70799346
2005,Thailand,-750726362
2005,United Kingdom,822343669
2005,United States,1350566958
2006,Australia,27058214
2006,Austria,8003253
2006,Belgium,58458568
2006,Brazil,-473262403
2006,Canada,60308595
2006,Chile,-53778696
2006,Colombia,-1617817757
2006,Czech Republic,918070
2006,Denmark,10170167
2006,Finland,25383076
2006,France,464260209
2006,Germany,664320505
2006,Greece,2803352
2006,India,-4144135136
2006,Ireland,28942598
2006,Italy,28923679
2006,Japan,2542330417
2006,Korea,331823583
2006,Liechtenstein,121077
2006,Luxembourg,9045047
2006,Monaco,119315
2006,Netherlands,98616009
2006,New Zealand,4390620
2006,Norway,324841794
2006,Portugal,2556983
2006,Saudi Arabia,-14209342
2006,Slovenia,-74572
2006,South Africa,-853103554
2006,Spain,102707597
2006,Sweden,48832575
2006,Switzerland,43757262
2006,Taiwan,6324571
2006,Thailand,-475487975
2006,United Kingdom,800914880
2006,United States,1935937419
2007,Australia,13864351
2007,Austria,11550522
2007,Belgium,33187081
2007,Brazil,-424545761
2007,Canada,62686742
2007,Chile,-114884127
2007,Colombia,-800215525
2007,Cyprus,-4469
2007,Denmark,21329239
2007,Finland,19522990
2007,France,401771684
2007,Germany,977541315
2007,Greece,3082200
2007,Hungary,-18986
2007,India,-5386224705
2007,Ireland,28202952
2007,Italy,33580751
2007,Japan,3544215397
2007,Korea,305841026
2007,Liechtenstein,199170
2007,Luxembourg,8883735
2007,Monaco,264319
2007,Netherlands,121033675
2007,New Zealand,4179628
2007,Norway,116693404
2007,Poland,-54102
2007,Portugal,4973178
2007,Qatar,104519053
2007,Romania,-97380
2007,Saudi Arabia,-16462193
2007,Slovenia,-105426
2007,South Africa,-1070653291
2007,Spain,118856065
2007,Sweden,45890520
2007,Switzerland,51309531
2007,Taiwan,375139
2007,Thailand,-246616632
2007,United Kingdom,1019400656
2007,United States,1006928274
2008,Australia,18754564
2008,Austria,6949094
2008,Belgium,53059381
2008,Brazil,-575721347
2008,Canada,75809621
2008,Chile,-275373194
2008,Colombia,-1190047400
2008,Czech Republic,230219
2008,Denmark,16290834
2008,Finland,39238852
2008,France,246959951
2008,Germany,1168597647
2008,Greece,2542149
2008,Hungary,67660
2008,India,-5044559917
2008,Ireland,34965187
2008,Italy,38676392
2008,Japan,4531094069
2008,Korea,57406444
2008,Liechtenstein,71478
2008,Luxembourg,9669591
2008,Monaco,557753
2008,Netherlands,69615673
2008,New Zealand,4836516
2008,Norway,58648457
2008,Portugal,2483117
2008,Romania,-12192
2008,Saudi Arabia,-348667
2008,Slovenia,-105521
2008,South Africa,-1148281785
2008,Spain,152422527
2008,Sweden,40720968
2008,Switzerland,39324550
2008,Taiwan,348667
2008,Thailand,-938244893
2008,United Kingdom,788164298
2008,United States,1715189257
2009,Australia,17680084
2009,Austria,7871776
2009,Belgium,42809116
2009,Brazil,-783901399
2009,Canada,74116591
2009,Chile,-136769922
2009,Colombia,-1279008966
2009,Czech Republic,397563
2009,Denmark,6819444
2009,Finland,64703548
2009,France,443827383
2009,Germany,1270803240
2009,Greece,2070017
2009,India,-3706828324
2009,Ireland,21707708
2009,Italy,53936210
2009,Japan,2645297987
2009,Korea,168844005
2009,Luxembourg,9324881
2009,Netherlands,107803997
2009,New Zealand,4720299
2009,Norway,237828698
2009,Portugal,2079818
2009,Saudi Arabia,-327156
2009,Slovak Republic,14202
2009,South Africa,-1281799284
2009,Spain,238613474
2009,Sweden,76554392
2009,Switzerland,53471939
2009,Taiwan,312954
2009,Thailand,-1038513059
2009,United Kingdom,979674038
2009,United States,1695864746
2010,Australia,32806019
2010,Austria,8224524
2010,Belgium,41446751
2010,Brazil,-1058295902
2010,Canada,66543586
2010,Chile,-119998320
2010,Colombia,-1128335815
2010,Denmark,21438651
2010,Finland,20238960
2010,France,479271279
2010,Germany,866568253
2010,Greece,2151692
2010,Hungary,-14132
2010,India,-3826639675
2010,Ireland,15971582
2010,Italy,40421158
2010,Japan,3428071506
2010,Korea,9946450
2010,Luxembourg,9812280
2010,Netherlands,55471821
2010,New Zealand,3518946
2010,Norway,323665853
2010,Portugal,9121622
2010,Saudi Arabia,-352548
2010,Slovak Republic,14132
2010,Slovenia,135720
2010,South Africa,-971208512
2010,Spain,128037041
2010,Sweden,94790240
2010,Switzerland,53676771
2010,Taiwan,287807
2010,Thailand,-560932861
2010,United Arab Emirates,1109303
2010,United Kingdom,435982774
2010,United States,1517053044
2011,Australia,41545539
2011,Austria,5945013
2011,Belgium,47828984
2011,Brazil,-1013210831
2011,Canada,49798170
2011,Chile,-63814172
2011,Colombia,-749156157
2011,Czech Republic,164099
2011,Denmark,33654018
2011,Finland,34660814
2011,France,385580197
2011,Germany,1400378605
2011,Greece,1740617
2011,India,-3652445742
2011,Ireland,16164777
2011,Italy,49349085
2011,Japan,2635586602
2011,Korea,11082508
2011,Luxembourg,9920871
2011,Netherlands,19530662
2011,New Zealand,3623798
2011,Norway,268584661
2011,Portugal,9036429
2011,Saudi Arabia,-282125
2011,South Africa,-943390545
2011,Spain,100140152
2011,Sweden,57386226
2011,Switzerland,39344798
2011,Taiwan,282125
2011,Thailand,-196842375
2011,United Arab Emirates,590706
2011,United Kingdom,238230871
2011,United States,1158991620
2012,Australia,55649016
2012,Austria,9369281
2012,Belgium,35767940
2012,Brazil,-2443208137
2012,Canada,59322273
2012,Chile,-72801720
2012,Colombia,-1009768225
2012,Czech Republic,165238
2012,Denmark,14988225
2012,Finland,7911710
2012,France,1857862442
2012,Germany,1519377935
2012,Greece,1220624
2012,Iceland,39083
2012,India,-4970365576
2012,Ireland,14021437
2012,Italy,23960216
2012,Japan,4256445621
2012,Korea,16780372
2012,Luxembourg,8502699
2012,Netherlands,11311438
2012,New Zealand,1722664
2012,Norway,262015590
2012,Portugal,7736231
2012,South Africa,-955734671
2012,Spain,55560499
2012,Sweden,42966784
2012,Switzerland,41783411
2012,Thailand,-333622409
2012,United Arab Emirates,1025431
2012,United Kingdom,386497679
2012,United States,1093496899
2013,Australia,67265056
2013,Austria,7169039
2013,Belgium,68317348
2013,Brazil,-703048320
2013,Canada,54784201
2013,Chile,-302293325
2013,Colombia,-1039328005
2013,Czech Republic,123152
2013,Denmark,4941770
2013,Finland,13933712
2013,France,1247092339
2013,Germany,1582596672
2013,Greece,222131
2013,Iceland,133418
2013,India,-4550646147
2013,Ireland,11285184
2013,Italy,23679747
2013,Japan,2641200097
2013,Korea,397323332
2013,Luxembourg,7645306
2013,Netherlands,11055065
2013,New Zealand,1938330
2013,Norway,295017276
2013,Poland,403184
2013,Portugal,6629414
2013,Slovak Republic,41147
2013,Slovenia,14308
2013,South Africa,-1350212256
2013,Spain,55835945
2013,Sweden,82270421
2013,Switzerland,74744897
2013,Thailand,-259915985
2013,United Kingdom,490448080
2013,United States,1059333467